{
  "meta_title": "Frete Gratis",
  "meta_description": "Nordeste",
  "sections": [
    {
      "type": "banner-slider",
      "autoplay": 10000,
      "full_width": false,
      "slides": [
        {
          "start": "",
          "end": "",
          "img": "/img/uploads/imagem-do-whatsapp-de-2025-02-24-a-s-18.06.09_60ec5189.jpg"
        },
        {
          "img": "/img/uploads/imagem-do-whatsapp-de-2025-02-24-a-s-18.06.09_70757dac.jpg",
          "link": "/headset",
          "alt": "Headset banner",
          "start": "2020-04-11T05:54:06.750Z",
          "end": "2020-12-31T03:00:00.000Z",
          "mobile_img": ""
        }
      ]
    },
    {
      "type": "info-bar",
      "enabled": false
    },
    {
      "type": "collection-shelf",
      "shuffle": false,
      "collection_id": null,
      "sort": "news",
      "title": "👕Nova coleção, novas possibilidades.",
      "headless": false,
      "limit": 12,
      "page": 1
    },
    {
      "type": "collection-shelf",
      "shuffle": false,
      "limit": 12,
      "page": 1,
      "sort": "sales",
      "title": "",
      "link": "🚀 Sucessos de Vendas"
    },
    {
      "type": "page-title",
      "title": "",
      "description": ""
    }
  ]
}